Case ID,Credit Type,Purpose,Amount,Days Overdue,Reason,Debtor Profile,Last Contact,Recovery Strategy,Recovery Probability,Interest Accrued
CR-1000,Business Line of Credit,Inventory purchase,15700,30,"A business in the sector of growing best-of-breed networks has defaulted on its line of credit amounting to $15,700, which is now 130 days overdue. The default occurred due to sudden, unforeseen expenses that disrupted their financial planning and ability to meet their banking credit obligations.","A business operating in the extend turn-key niches sector has defaulted on its Business Line of Credit, causing significant concern amongst its banking creditors. This default reflects the company's inability to meet financial obligations, potentially triggering a chain reaction of adverse effects within the banking credit system.",2025-07-03,Payment plan,90.0,154.84931506849313
CR-1001,Business Line of Credit,Payroll funding,15700,38,"A business in the sector of visualizing leading-edge content has defaulted on its line of credit amounting to $15,700, with the payment overdue by 89 days. The default occurred due to unforeseen expenditures that significantly impacted the firm's cash flow, making it unable to meet its credit obligations.","A business operating in the value-added relationships sector has defaulted on its Business Line of Credit from a major bank, causing significant concerns about its financial stability. The default may trigger increased scrutiny from lenders and potential difficulties in securing future financing, negatively affecting its growth prospects and operations.",2025-06-28,Collateral liquidation,87.33333333333333,196.14246575342463
CR-1002,Commercial Mortgage,Retail space,15700,37,"A commercial mortgage default case in the iterate global content sector has occurred due to tenant vacancies, with an outstanding amount of $15,700 that is 89 days overdue. The inability to fill tenant vacancies has adversely impacted the borrower's cash flow, leading to difficulties in servicing the mortgage and thus affecting the bank's credit portfolio.","Amidst the thriving e-commerce sector, a high-profile business has defaulted on its commercial mortgage, causing significant concern among banking credit circles. The default highlights potential risks in the rapidly expanding digital commerce industry, raising questions about credit assessments and lending policies for such ventures.",2025-07-27,Payment plan,87.66666666666667,190.9808219178082
CR-1003,Commercial Mortgage,Office building,15700,151,"A commercial mortgage default case has arisen in the benchmark B2B systems sector, due to a property devaluation. The outstanding loan amount is $15,700 which has been overdue for 38 days, negatively impacting the credit risk profile of the lending bank.","A leading enterprise in the brand intuitive convergence sector has defaulted on its commercial mortgage, signaling potential financial instability. This situation prompts serious concern for banking credit institutions, as it may significantly impact loan recovery and potentially escalate the risk profile of the sector.",2025-08-04,Collateral liquidation,49.666666666666664,779.4082191780822
CR-1004,Business Line of Credit,Inventory purchase,15700,109,"A business operating in the sector of synergizing strategic info-mediaries has defaulted on their line of credit amounting to $15,700, which is now 69 days overdue. The default has occurred due to a significant decline in sales, negatively impacting the company's ability to meet its financial obligations.","A business operating in the global channels sector has defaulted on its Business Line of Credit, failing to meet repayment deadlines set by the lending bank. This situation has resulted in increased financial risk for the bank, potentially affecting its liquidity and overall lending capacity.",2025-07-08,Collateral liquidation,63.666666666666664,562.6191780821918
CR-1005,Commercial Mortgage,Warehouse purchase,15700,127,"A commercial mortgage default case has arisen in the e-enable out-of-the-box communities sector, due to tenant vacancies leading to an overdue amount of $15,700, unpaid for 58 days. This situation presents significant credit risk for the banking institution involved, as the continued vacancies and unpaid debt threaten the recoverability of the loan.","A prominent business in the re-intermediate strategic systems sector has defaulted on its commercial mortgage, leading to significant financial implications for the lending bank. This default could potentially trigger a tightening of credit terms in the banking industry, affecting similar businesses seeking financing options.",2025-07-15,Collateral liquidation,57.666666666666664,655.5287671232877
CR-1006,Business Line of Credit,Payroll funding,15700,98,"A business line of credit default case has occurred with an outstanding amount of $15,700 that is 125 days overdue, from a borrower in the high-end e-tail sector. The default happened due to unexpected expenses, causing significant disruption to their financial stability and their ability to meet the repayment terms of the credit line.","A business operating in the leveraged dot-com e-markets sector has defaulted on its Business Line of Credit, unable to meet its financial obligations. This failure to repay the borrowed funds has potential implications for the lending bank, including financial loss and increased risk exposure.",2025-07-25,Collateral liquidation,67.33333333333334,505.841095890411
CR-1007,Commercial Mortgage,Office building,15700,106,"A commercial mortgage default case has arisen in the brand enterprise web-readiness sector due to a property devaluation, with an outstanding amount of $15700. The loan has been overdue for 156 days, indicating a significant risk to the bank's credit portfolio.","An enterprise operating within the innovative communities sector has defaulted on its commercial mortgage, creating a significant potential loss for the lending bank. This failure to meet repayment obligations could negatively impact the bank's credit portfolio and raise concerns about the financial stability of businesses in the evolving innovative communities sector.",2025-07-13,Payment plan,64.66666666666666,547.1342465753424
CR-1008,Business Line of Credit,Payroll funding,15700,48,"A business line of credit for $15,700 is in default for 46 days due to client bankruptcy in the sector of maximizing user-centric ROI. The banking institution is now facing the challenge of managing this financial loss and exploring recovery options due to the client's insolvency.","A business operating in the expedite proactive deliverables sector has defaulted on its Business Line of Credit, negatively impacting its financial standing and ability to fund immediate operational needs. This default has resulted in severe credit implications, leading to strained relations with the banking institution and potential challenges in securing future financing.",2025-06-23,Collateral liquidation,84.0,247.75890410958903
CR-1009,Business Line of Credit,Inventory purchase,15700,32,"A client in the sector of reinventing cross-platform functionalities has defaulted on a business line of credit amounting to $15,700, which is now 104 days overdue. The default has occurred due to the client filing for bankruptcy, significantly impacting the bank's credit portfolio.","A company operating in the transparent portals sector has defaulted on its business line of credit, failing to meet repayment obligations. This financial setback may lead to tightened lending conditions from the bank, affecting the firm's ability to maintain daily operations and ongoing projects.",2025-07-18,Debt restructuring,89.33333333333333,165.17260273972602
CR-1010,Commercial Mortgage,Office building,15700,131,"A commercial mortgage default case is reported in the target 24/7 paradigms sector, with the defaulted amount being $15,700, overdue by 128 days. The default was triggered due to tenant vacancies, which severely impacted the borrower's cash flow, leading to an inability to service the bank loan.","In the banking credit context, businesses operating within intuitive niches sector are defaulting on their commercial mortgages. This trend indicates a potential financial instability in this specific sector, raising concerns for lenders and stakeholders.",2025-07-18,Collateral liquidation,56.333333333333336,676.1753424657534
CR-1011,Commercial Mortgage,Retail space,15700,122,"A commercial mortgage default case has arisen in the 'orchestrate 24/7 synergies' sector, where a loan amount of $15,700 is overdue by 76 days. The default has been triggered due to a significant devaluation in the underlying property, posing a potential credit risk to the bank.","A business in the web-enabled deliverables sector has defaulted on its commercial mortgage, negatively impacting its credit standing with its banking institution. This default could potentially lead to foreclosure, disrupting the business's operations and harming its financial stability.",2025-07-25,Collateral liquidation,59.333333333333336,629.7205479452055
CR-1012,Business Line of Credit,Payroll funding,15700,159,"A client from the syndicate compelling web-readiness sector has defaulted on their business line of credit amounting to $15,700, which is now overdue by 107 days. The default was triggered by the client's bankruptcy, posing a significant risk of non-recovery for the bank.","A business in the leverage out-of-the-box eyeballs sector has defaulted on its business line of credit, potentially indicating financial instability or mismanagement. This default could impact the bank's credit portfolio, leading to increased risk of loan losses and necessitating stricter credit controls.",2025-08-04,Payment plan,47.0,820.7013698630137
CR-1013,Commercial Mortgage,Warehouse purchase,15700,174,"A commercial mortgage case valued at $15,700 in the sector of optimizing customized initiatives has defaulted due to tenant vacancies, and is currently 57 days overdue. The situation has negatively impacted the bank's credit portfolio, underscoring the need for improved risk assessment in the sector's real estate lending practices.","A business operating in the front-end users sector has defaulted on its commercial mortgage, leading to a significant blow to the banking industry's credit sector due to the high risk and potential losses associated with the default. This situation has resulted in tighter lending conditions and increased scrutiny on borrowers within this sector, as banks seek to mitigate potential risks and prevent a recurrence of such defaults.",2025-06-25,Collateral liquidation,42.0,898.1260273972603
CR-1014,Business Line of Credit,Payroll funding,15700,114,"A client from the sector of enhancing rich communities has defaulted on their business line of credit amounting to $15,700, which is now 95 days overdue. The default occurred due to the client filing for bankruptcy, presenting a significant risk of loss for the bank.","A business operating in the syndicate cross-media methodologies sector has defaulted on its business line of credit, failing to fulfill its repayment obligations. This default has significant implications for the lending bank as it increases their risk exposure and negatively impacts their loan portfolio.",2025-07-17,Debt restructuring,62.0,588.427397260274
CR-1015,Business Line of Credit,Inventory purchase,15700,72,"A business in the whiteboard B2B models sector has defaulted on their line of credit amounting to $15,700 due to a significant decline in sales. The payment is now 37 days overdue, posing a potential risk to the bank's loan portfolio.","A business operating in the cross-platform e-business sector has defaulted on its Business Line of Credit, failing to meet the repayment terms as agreed with the bank. This financial instability could result in severe penalties, higher interest rates, potential legal action and could jeopardize the business's ability to secure future funding.",2025-08-03,Debt restructuring,76.0,371.63835616438354
CR-1016,Business Line of Credit,Payroll funding,15700,138,"A business operating in the sector of implementing turn-key users has defaulted on their line of credit of $15,700, overdue now by 179 days. The default has occurred due to the unexpected expenses that the business was unable to manage alongside their credit repayments.","A business operating in the round-the-clock e-business sector, utilizing envisioneer technology, has defaulted on its Business Line of Credit from its banking institution. This situation has occurred due to the business's inability to meet its financial obligations, impacting its creditworthiness and potentially leading to higher interest rates or stricter lending conditions in the future.",2025-06-21,Collateral liquidation,54.0,712.3068493150685
CR-1017,Business Line of Credit,Emergency expenses,15700,49,"A business within the sector of incentivizing user-centric infrastructures has defaulted on their line of credit valued at $15,700 due to unexpected expenses. The payment has been overdue for 148 days, posing a significant risk to the bank's credit portfolio.","A business operating in the visionary infrastructures engineering sector has defaulted on its Business Line of Credit, failing to meet repayment obligations. This has caused significant concern for the bank, potentially leading to tighter credit conditions, higher interest rates, and a thorough review of lending policies towards similar high-risk sectors.",2025-06-26,Payment plan,83.66666666666667,252.9205479452055
CR-1018,Business Line of Credit,Inventory purchase,15700,128,"A client operating in the mesh e-business systems sector has defaulted on their Business Line of Credit of $15,700 which is now 133 days overdue. The default occurred due to the client declaring bankruptcy, causing significant potential loss for the bank.","A business operating in the enable extensible partnerships sector has failed to meet repayment obligations on its Business Line of Credit. This defaulting poses significant risks to the bank, potentially affecting its liquidity and overall financial stability.",2025-08-08,Payment plan,57.333333333333336,660.6904109589041
CR-1019,Business Line of Credit,Emergency expenses,15700,134,"A business in the architect rich metrics sector has defaulted on a line of credit amounting to $15,700, which has been overdue for 97 days. The default occurred due to a significant decline in sales, negatively impacting the company's cash flow and ability to meet its financial obligations.","A business operating in the clicks-and-mortar e-markets sector has defaulted on its Business Line of Credit, failing to meet the repayment terms set by the bank. This has resulted in a financial loss for the bank and has negatively impacted the business's credit score, potentially hindering its future borrowing capabilities.",2025-07-03,Collateral liquidation,55.333333333333336,691.6602739726027
